character_name,character_link
Adam,https://breakingbad.fandom.com/wiki/Adam
Todd Alquist,https://breakingbad.fandom.com/wiki/Todd_Alquist
Antonio,https://breakingbad.fandom.com/wiki/Antonio
Hugo Archilleya,https://breakingbad.fandom.com/wiki/Hugo_Archilleya
Max Arciniega,https://breakingbad.fandom.com/wiki/Max_Arciniega
Arms Dealer,https://breakingbad.fandom.com/wiki/Arms_Dealer
Artie,https://breakingbad.fandom.com/wiki/Artie
Artuno,https://breakingbad.fandom.com/wiki/Artuno
Huell Babineaux,https://breakingbad.fandom.com/wiki/Huell_Babineaux
Badger,https://breakingbad.fandom.com/wiki/Badger
Ashleigh Banfield,https://breakingbad.fandom.com/wiki/Ashleigh_Banfield
Barry,https://breakingbad.fandom.com/wiki/Barry
Dr. Belknap,https://breakingbad.fandom.com/wiki/Dr._Belknap
Ben,https://breakingbad.fandom.com/wiki/Ben
Mr. Beneke,https://breakingbad.fandom.com/wiki/Mr._Beneke
Ted Beneke,https://breakingbad.fandom.com/wiki/Ted_Beneke
Benny,https://breakingbad.fandom.com/wiki/Benny
Billy,https://breakingbad.fandom.com/wiki/Billy
Bob,https://breakingbad.fandom.com/wiki/Bob
Bob (Raks Building Supply),https://breakingbad.fandom.com/wiki/Bob_(Raks_Building_Supply)
Gale Boetticher,https://breakingbad.fandom.com/wiki/Gale_Boetticher
Harris Boivin,https://breakingbad.fandom.com/wiki/Harris_Boivin
Chief Bolsa,https://breakingbad.fandom.com/wiki/Chief_Bolsa
Juan Bolsa,https://breakingbad.fandom.com/wiki/Juan_Bolsa
Dr. Victor Bravenec,https://breakingbad.fandom.com/wiki/Dr._Victor_Bravenec
Brenda,https://breakingbad.fandom.com/wiki/Brenda
Paul Canterna,https://breakingbad.fandom.com/wiki/Paul_Canterna
Andrea Cantillo,https://breakingbad.fandom.com/wiki/Andrea_Cantillo
Brock Cantillo,https://breakingbad.fandom.com/wiki/Brock_Cantillo
Mrs. Cantillo,https://breakingbad.fandom.com/wiki/Mrs._Cantillo
Tomás Cantillo,https://breakingbad.fandom.com/wiki/Tom%C3%A1s_Cantillo
Cara,https://breakingbad.fandom.com/wiki/Cara
Caregiver,https://breakingbad.fandom.com/wiki/Caregiver
Carol,https://breakingbad.fandom.com/wiki/Carol
Cartel Hijackers,https://breakingbad.fandom.com/wiki/Cartel_Hijackers
Cartel Superlab Guards,https://breakingbad.fandom.com/wiki/Cartel_Superlab_Guards
Cartel's Hitmen,https://breakingbad.fandom.com/wiki/Cartel%27s_Hitmen
The Cartel,https://breakingbad.fandom.com/wiki/The_Cartel
Cavanaugh,https://breakingbad.fandom.com/wiki/Cavanaugh
Cesar,https://breakingbad.fandom.com/wiki/Cesar
Chad,https://breakingbad.fandom.com/wiki/Chad
Chad's Girlfriend,https://breakingbad.fandom.com/wiki/Chad%27s_Girlfriend
Dr. Chavez,https://breakingbad.fandom.com/wiki/Dr._Chavez
Chief Food Technician,https://breakingbad.fandom.com/wiki/Chief_Food_Technician
Duane Chow,https://breakingbad.fandom.com/wiki/Duane_Chow
Chuck (therapist),https://breakingbad.fandom.com/wiki/Chuck_(therapist)
Cisco,https://breakingbad.fandom.com/wiki/Cisco
Clovis,https://breakingbad.fandom.com/wiki/Clovis
Combo,https://breakingbad.fandom.com/wiki/Combo
Isaac Conley,https://breakingbad.fandom.com/wiki/Isaac_Conley
Louis Corbett,https://breakingbad.fandom.com/wiki/Louis_Corbett
Dana Cortez,https://breakingbad.fandom.com/wiki/Dana_Cortez
Cynthia,https://breakingbad.fandom.com/wiki/Cynthia
Dave,https://breakingbad.fandom.com/wiki/Dave
Declan,https://breakingbad.fandom.com/wiki/Declan
Declan's Bodyguards,https://breakingbad.fandom.com/wiki/Declan%27s_Bodyguards
Declan's Cook,https://breakingbad.fandom.com/wiki/Declan%27s_Cook
Declan's Driver,https://breakingbad.fandom.com/wiki/Declan%27s_Driver
Dr. Delcavoli,https://breakingbad.fandom.com/wiki/Dr._Delcavoli
Delores,https://breakingbad.fandom.com/wiki/Delores
Denise (Breaking Bad),https://breakingbad.fandom.com/wiki/Denise_(Breaking_Bad)
Stephanie Doswell,https://breakingbad.fandom.com/wiki/Stephanie_Doswell
Kaylee Ehrmantraut,https://breakingbad.fandom.com/wiki/Kaylee_Ehrmantraut
Mike Ehrmantraut,https://breakingbad.fandom.com/wiki/Mike_Ehrmantraut
Stacey Ehrmantraut,https://breakingbad.fandom.com/wiki/Stacey_Ehrmantraut
Emotional Woman,https://breakingbad.fandom.com/wiki/Emotional_Woman
Engineer,https://breakingbad.fandom.com/wiki/Engineer
Escalada,https://breakingbad.fandom.com/wiki/Escalada
Farley,https://breakingbad.fandom.com/wiki/Farley
Fernando,https://breakingbad.fandom.com/wiki/Fernando
Ron Forenall,https://breakingbad.fandom.com/wiki/Ron_Forenall
Fran,https://breakingbad.fandom.com/wiki/Fran
Frankie,https://breakingbad.fandom.com/wiki/Frankie
Gustavo Fring,https://breakingbad.fandom.com/wiki/Gustavo_Fring
Benicio Fuentes,https://breakingbad.fandom.com/wiki/Benicio_Fuentes
Gaff,https://breakingbad.fandom.com/wiki/Gaff
Gaff's Men,https://breakingbad.fandom.com/wiki/Gaff%27s_Men
Ed Galbraith,https://breakingbad.fandom.com/wiki/Ed_Galbraith
Mr. Gardiner,https://breakingbad.fandom.com/wiki/Mr._Gardiner
Gary,https://breakingbad.fandom.com/wiki/Gary
Getz,https://breakingbad.fandom.com/wiki/Getz
Ginny,https://breakingbad.fandom.com/wiki/Ginny
Blanca Gomez,https://breakingbad.fandom.com/wiki/Blanca_Gomez
Steven Gomez,https://breakingbad.fandom.com/wiki/Steven_Gomez
Gonzo,https://breakingbad.fandom.com/wiki/Gonzo
Dr. Barry Goodman,https://breakingbad.fandom.com/wiki/Dr._Barry_Goodman
Group Leader (Breaking Bad),https://breakingbad.fandom.com/wiki/Group_Leader_(Breaking_Bad)
Gus' Operatives,https://breakingbad.fandom.com/wiki/Gus%27_Operatives
M. Hansen,https://breakingbad.fandom.com/wiki/M._Hansen
Harry Lipenstein,https://breakingbad.fandom.com/wiki/Harry_Lipenstein
Herzog,https://breakingbad.fandom.com/wiki/Herzog
Scott Hoffman,https://breakingbad.fandom.com/wiki/Scott_Hoffman
Andrew Holt,https://breakingbad.fandom.com/wiki/Andrew_Holt
Homeless Man,https://breakingbad.fandom.com/wiki/Homeless_Man
Ira,https://breakingbad.fandom.com/wiki/Ira
Irving,https://breakingbad.fandom.com/wiki/Irving
J. P. Wynne Teacher,https://breakingbad.fandom.com/wiki/J._P._Wynne_Teacher
Jack's Henchmen,https://breakingbad.fandom.com/wiki/Jack%27s_Henchmen
Janice,https://breakingbad.fandom.com/wiki/Janice
Blue Sky Crew,https://breakingbad.fandom.com/wiki/Blue_Sky_Crew
Jill,https://breakingbad.fandom.com/wiki/Jill
Jimmy (security guard),https://breakingbad.fandom.com/wiki/Jimmy_(security_guard)
Jock,https://breakingbad.fandom.com/wiki/Jock
John,https://breakingbad.fandom.com/wiki/John
Kalanchoe,https://breakingbad.fandom.com/wiki/Kalanchoe
Andrew Kaufman,https://breakingbad.fandom.com/wiki/Andrew_Kaufman
Bobby Kee,https://breakingbad.fandom.com/wiki/Bobby_Kee
Ken,https://breakingbad.fandom.com/wiki/Ken
Kenny,https://breakingbad.fandom.com/wiki/Kenny
Ma Kettle,https://breakingbad.fandom.com/wiki/Ma_Kettle
Pa Kettle,https://breakingbad.fandom.com/wiki/Pa_Kettle
Michael Kilbourne,https://breakingbad.fandom.com/wiki/Michael_Kilbourne
James Kilkelly,https://breakingbad.fandom.com/wiki/James_Kilkelly
Tyrus Kitt,https://breakingbad.fandom.com/wiki/Tyrus_Kitt
Emilio Koyama,https://breakingbad.fandom.com/wiki/Emilio_Koyama
Krazy-8,https://breakingbad.fandom.com/wiki/Krazy-8
Patrick Kuby,https://breakingbad.fandom.com/wiki/Patrick_Kuby
Lawson,https://breakingbad.fandom.com/wiki/Lawson
Lester,https://breakingbad.fandom.com/wiki/Lester
Francesca Liddy,https://breakingbad.fandom.com/wiki/Francesca_Liddy
Los Cuates de Sinaloa,https://breakingbad.fandom.com/wiki/Los_Cuates_de_Sinaloa
Lucy (Clerk),https://breakingbad.fandom.com/wiki/Lucy_(Clerk)
Lucy (Los Pollos Hermanos),https://breakingbad.fandom.com/wiki/Lucy_(Los_Pollos_Hermanos)
Lucy (Waitress),https://breakingbad.fandom.com/wiki/Lucy_(Waitress)
Luis,https://breakingbad.fandom.com/wiki/Luis
Jeff Maher,https://breakingbad.fandom.com/wiki/Jeff_Maher
Chris Mara,https://breakingbad.fandom.com/wiki/Chris_Mara
Margaret,https://breakingbad.fandom.com/wiki/Margaret
Donald Margolis,https://breakingbad.fandom.com/wiki/Donald_Margolis
Jane Margolis,https://breakingbad.fandom.com/wiki/Jane_Margolis
Mariano,https://breakingbad.fandom.com/wiki/Mariano
Dennis Markowski,https://breakingbad.fandom.com/wiki/Dennis_Markowski
Raymond Martinez,https://breakingbad.fandom.com/wiki/Raymond_Martinez
Matt (gang member),https://breakingbad.fandom.com/wiki/Matt_(gang_member)
Jack McGann,https://breakingbad.fandom.com/wiki/Jack_McGann
Jimmy McGill,https://breakingbad.fandom.com/wiki/Jimmy_McGill
George Merkert,https://breakingbad.fandom.com/wiki/George_Merkert
Miguel (Breaking Bad),https://breakingbad.fandom.com/wiki/Miguel_(Breaking_Bad)
Carmen Molina,https://breakingbad.fandom.com/wiki/Carmen_Molina
Mr. Molina,https://breakingbad.fandom.com/wiki/Mr._Molina
William Moniz,https://breakingbad.fandom.com/wiki/William_Moniz
Munn,https://breakingbad.fandom.com/wiki/Munn
Native American Man,https://breakingbad.fandom.com/wiki/Native_American_Man
Jodi Nichols,https://breakingbad.fandom.com/wiki/Jodi_Nichols
Nick (Gus' henchman),https://breakingbad.fandom.com/wiki/Nick_(Gus%27_henchman)
No-Doze,https://breakingbad.fandom.com/wiki/No-Doze
Nurse,https://breakingbad.fandom.com/wiki/Nurse
Old Crawler,https://breakingbad.fandom.com/wiki/Old_Crawler
Old Joe,https://breakingbad.fandom.com/wiki/Old_Joe
Olive Oil,https://breakingbad.fandom.com/wiki/Olive_Oil
Pamela Orbic,https://breakingbad.fandom.com/wiki/Pamela_Orbic
Mrs. Ortega,https://breakingbad.fandom.com/wiki/Mrs._Ortega
Van Oster,https://breakingbad.fandom.com/wiki/Van_Oster
Paco,https://breakingbad.fandom.com/wiki/Paco
Papadoumian,https://breakingbad.fandom.com/wiki/Papadoumian
Patrick,https://breakingbad.fandom.com/wiki/Patrick
Patty Lin,https://breakingbad.fandom.com/wiki/Patty_Lin
Dog Paulson,https://breakingbad.fandom.com/wiki/Dog_Paulson
Peng,https://breakingbad.fandom.com/wiki/Peng
Anthony Perez,https://breakingbad.fandom.com/wiki/Anthony_Perez
Skinny Pete,https://breakingbad.fandom.com/wiki/Skinny_Pete
Mrs. Peyketewa,https://breakingbad.fandom.com/wiki/Mrs._Peyketewa
James Picarus,https://breakingbad.fandom.com/wiki/James_Picarus
Mr. Pike,https://breakingbad.fandom.com/wiki/Mr._Pike
Adam Pinkman,https://breakingbad.fandom.com/wiki/Adam_Pinkman
Diane Pinkman,https://breakingbad.fandom.com/wiki/Diane_Pinkman
Jake Pinkman,https://breakingbad.fandom.com/wiki/Jake_Pinkman
Jesse Pinkman,https://breakingbad.fandom.com/wiki/Jesse_Pinkman
Poochy,https://breakingbad.fandom.com/wiki/Poochy
Mrs. Pope,https://breakingbad.fandom.com/wiki/Mrs._Pope
Preppy Shopper,https://breakingbad.fandom.com/wiki/Preppy_Shopper
Austin Ramey,https://breakingbad.fandom.com/wiki/Austin_Ramey
Renaldo,https://breakingbad.fandom.com/wiki/Renaldo
Ricky,https://breakingbad.fandom.com/wiki/Ricky
Rival Dealers,https://breakingbad.fandom.com/wiki/Rival_Dealers
Tim Roberts,https://breakingbad.fandom.com/wiki/Tim_Roberts
Kiira Rodarte-Quayle,https://breakingbad.fandom.com/wiki/Kiira_Rodarte-Quayle
Lydia Rodarte-Quayle,https://breakingbad.fandom.com/wiki/Lydia_Rodarte-Quayle
Charlie Rose,https://breakingbad.fandom.com/wiki/Charlie_Rose
Russell,https://breakingbad.fandom.com/wiki/Russell
Sad Faced Girl,https://breakingbad.fandom.com/wiki/Sad_Faced_Girl
Hector Salamanca,https://breakingbad.fandom.com/wiki/Hector_Salamanca
Joaquin Salamanca,https://breakingbad.fandom.com/wiki/Joaquin_Salamanca
The Cousins,https://breakingbad.fandom.com/wiki/The_Cousins
Tuco Salamanca,https://breakingbad.fandom.com/wiki/Tuco_Salamanca
